step,connected,sum_rate,min_slack,max_link_dist,mean_speed,max_speed
0,True,1782.311793708095,1.497413153116078,18.54882499950359,0.1847595103506774,0.5
1,True,1782.2805622525482,1.4840199270445709,18.647448418529475,0.37552602781319405,0.9980467948084847
2,True,1782.223080193197,1.4697807089171917,18.7959633822272,0.5515247270752648,1.4950732738366215
3,True,1782.1374240981202,1.460466714383056,18.994204482316153,0.7285044204745192,1.9897923917826865
4,True,1782.0350378288358,1.461326981593789,19.23346026284298,0.8995417390073981,2.4003897854889815
5,True,1781.9833387017022,1.4336936656815666,19.45841456116674,1.0066248632429113,2.2583479505359274
6,True,1782.002514341697,1.391332421020273,19.650571845687647,1.0811784559375002,1.9221556747486819
7,True,1782.0874161803647,1.3431059850108547,19.809836697987794,1.1574613038169033,2.1236808092456525
8,True,1782.239223166019,1.2907282483714368,19.92775322209216,1.2183930658892395,2.3680100453914967
9,True,1782.4503626505932,1.2356132900082955,20.001530115317415,1.2663777994221044,2.4625294333346077
10,False,1437.520889982016,-8.74557659599126,36.74557659599126,1.3072017356051275,2.855686904728847
11,False,1437.6842665863003,-8.567365159480254,36.567365159480254,1.3963345976597408,3.280391104201494
12,False,1437.7822644752387,-8.309875932427964,36.309875932427964,1.5071115659960226,3.631812845906984
13,False,1437.8119242361645,-7.973446748212609,35.97344674821261,1.6281020645992443,3.9400563260714696
14,False,1265.997885495327,-7.559101916620847,35.55910191662085,1.725229278940823,4.172705043959469
15,False,1266.0161342803804,-7.1253318646667125,35.12533186466671,1.7781171563012201,4.385267311804786
16,False,1265.9556179339327,-6.66971785830556,34.66971785830556,1.7338930840363254,3.8889764103157876
17,False,1265.8168455136704,-6.197059607605198,34.1970596076052,1.6948105369853197,3.5682355272740236
18,False,1265.594151952572,-5.70433501396321,33.70433501396321,1.7164287773737334,3.932577043038551
19,False,1265.2690104257701,-5.19875394060918,33.19875394060918,1.7667189617531938,4.298535950410075
20,False,1093.1546895781362,-4.684045867608198,32.6840458676082,1.7669515171064145,4.663183052454932
21,False,1092.8289464312452,-4.162459329742212,32.16245932974221,1.7956371904929744,5.0297411205801446
22,False,1092.4169357732487,-3.642206507238562,31.642206507238562,1.8215485063437993,5.359024745679116
23,False,1091.9277489315346,-3.135230347045802,31.135230347045802,1.8511721015500866,5.597821977377443
24,False,1091.3842347066793,-2.6474408806229057,30.647440880622906,1.899957747512349,5.720755322382448
25,False,1090.8570650388986,-2.163946020174805,30.163946020174805,1.8845533850787626,5.777923304103359
26,False,1090.363141860421,-1.6770197790474697,29.67701977904747,1.901456004416924,5.854998877590462
27,False,1089.9271483711993,-1.1920229518245016,29.1920229518245,1.8468789394051766,5.822969969590871
28,False,1089.5664267894601,-0.7293976982586052,28.729397698258605,1.8623214670818604,5.591527955107256
29,False,1089.2890802348647,-0.305867999332996,28.305867999332996,1.86484664078434,5.212505997830382
30,False,1427.8923527002726,-0.11837962722469086,27.90253350398834,1.8732591879691538,5.038803976413508
31,False,1428.1562053985667,-0.12632777524673955,27.51188616458818,1.7438473665877132,4.674466657766209
32,False,1428.3923793712752,-0.08510010057185369,27.150375609952757,1.6961446308847012,4.3869966474579964
33,True,1600.3279806942444,0.01708810889985557,26.834682265651157,1.6727797120404968,4.078503125778048
34,True,1600.4269714522602,0.09935801240706965,26.51285174722034,1.643623223798551,3.8841022501630325
35,True,1600.4398234321575,0.16459881221252104,26.169364862796805,1.6129464302333116,3.845674964332764
36,True,1600.3796551622597,0.21538099281104195,25.799918271366707,1.5628702329607977,3.8543511643437554
37,True,1600.2655883246643,0.2539422903504871,25.413537521379162,1.559761855348377,3.835680868596438
38,True,1600.0969972791468,0.2822344047345844,25.01300388281983,1.619654825895625,3.789667551987691
39,True,1599.8916467690694,0.3020291074157413,24.601460508290863,1.641250012894874,3.731791229860208
40,True,1599.6333410099644,0.31489633816416074,24.18951591598298,1.6862365779588346,3.5953651751050066
41,True,1599.331499936999,0.32207277934330847,23.80360472231833,1.666829043150185,3.233483537082821
42,True,1599.0027082205638,0.3245802924361385,23.457053948843065,1.6242251988137357,2.8918118470502807
43,True,1598.6802964873962,0.32337812096547935,23.161965898496284,1.5024070446808788,2.7970303319533083
44,True,1598.3541212508042,0.3192271228038095,23.245090638442118,1.3988904251222636,2.6675587646072745
45,True,1598.0223807787022,0.3127134045401476,23.326294435420262,1.238985676586116,2.2040421431919293
46,True,1597.691628433882,0.3043949871953622,23.454197646191925,1.0991505282608065,1.8166772726070577
47,True,1597.3899574443012,0.2946852647313918,23.535376780356945,0.9009977273997318,1.8085020320681051
48,True,1597.1283682619016,0.2839859075638351,23.570382858662317,0.7704124283208597,1.8124695335364847
49,True,1596.9064879296195,0.27258067134068753,23.56310740575022,0.7571714789539452,1.7753035882317607
50,True,1596.7004805269737,0.26072639838267975,23.629114223587383,0.7657832428793638,1.7495602372159118
51,True,1596.4806817555507,0.24862962220352003,23.64099693088658,0.7755820028160854,1.7032372763856949
52,True,1596.2922441920296,0.23645782817465388,23.636277437752472,0.8484899041468935,1.4976677015310529
53,True,1596.162250633648,0.22434015019807063,23.62553177583445,0.8887116344917978,1.2236226468626128
54,True,1596.1009797596903,0.2123566498540974,23.610461354402748,0.8878090874809954,1.3720682358111231
55,True,1596.1048298178873,0.2005862833939389,23.591250122982487,0.9073524363410528,1.5352812280239883
56,True,1596.1727635875063,0.18908365961057427,23.568178569313705,1.0051502484041626,1.5971495135502318
57,True,1596.3015882865263,0.17802009046492273,23.537249110703097,1.065153725845398,1.700913574115159
58,True,1596.4888284239248,0.16743177604910997,23.495227019189745,1.1462806814625495,1.788600679088479
59,True,1596.7294024531025,0.15733577865533732,23.438376879009887,1.2065797577229886,1.8617748524627182
60,True,1597.0191842959596,0.14774498562124805,23.365470788982606,1.2731565656499533,1.9274782329081648
61,True,1597.3557929198687,0.13866905188718448,23.286463973965745,1.3792933001367635,2.1425549695269117
62,True,1597.7220515133076,0.13011556734773677,23.21470867260963,1.482602592600612,2.2893602495552647
63,True,1598.0450222844054,0.12205052071998068,23.145210669138724,1.4983255647680824,1.9406242397587303
64,True,1598.3291673580052,0.11441870672227594,23.077828545979486,1.4692849999165878,1.8460894314557381
65,True,1598.5602923103384,0.10717237612155017,23.007902010414035,1.4335938033959463,1.758736745597044
66,True,1598.733959623777,0.10027715421989569,22.934287358859105,1.3774118949996665,1.773024872322875
67,True,1598.8439351182842,0.09374385484266057,22.853953805311278,1.3090532552381582,1.8253035583094037
68,True,1598.8884351190593,0.08756444561414156,22.76494525509492,1.282295146135014,1.8729334035721061
69,True,1598.8759056042488,0.08179560643501915,22.67033954737675,1.294741602928218,1.9136068467481053
70,True,1598.8312233438858,0.07637570430962981,22.574488850240936,1.3091993382144966,1.9459509362439462
71,True,1598.7641404832511,0.07130853458367525,22.482439347573838,1.3189107567935856,1.9702943290243824
72,True,1598.6776740360635,0.06654980022625168,22.40172209612565,1.341285216140272,1.9890286457713204
73,True,1598.5845261259706,0.06208568849764262,22.313012120648786,1.3535845073956416,2.0124189160068986
74,True,1598.4839094347374,0.05789612474496053,22.221778088552043,1.3679678814975178,2.039263904672838
75,True,1598.383346633095,0.053966473462207176,22.297717621751673,1.3754744895196933,2.0654761640300534
76,True,1598.282389980348,0.05028338526165399,22.40283425514695,1.378407428592515,2.0866757642665514
77,True,1598.1771805550236,0.04683394328655055,22.50637896515779,1.3754891650311196,2.0710573862920834
78,True,1598.0644343344184,0.04360496148688142,22.584165577114845,1.306289225844235,1.8012265094600384
79,True,1597.9401434733145,0.040585023947496524,22.616163833795692,1.1852526547527507,1.634970730607763
80,True,1597.7755709479495,0.037763945165337987,22.60251844063483,1.0007512185965604,1.6856097947605377
81,True,1597.5712531014842,0.03512991387524522,22.54509223935735,0.8306756336164425,1.7261924235415085
82,True,1597.357106627782,0.03267176047508613,22.453120795087294,0.7693455259405222,1.7447032023285542
83,True,1597.1065067582754,0.030379394871090426,22.354139009704195,0.7857291322583164,1.7329006427894602
84,True,1596.8844947117577,0.02824173923455575,22.244886932385462,0.8166159124812661,1.6984875483813804
85,True,1596.6541108668023,0.026250174440622942,22.146257323789126,0.7815221261026775,1.6508902490552182
86,True,1596.4442133316447,0.02439407958754103,22.052324063395314,0.7867567086784378,1.604333121074029
87,True,1596.2714112969657,0.022662202236006124,21.97957492051069,0.8095691892431247,1.52705930997849
88,True,1596.1544170097,0.02104570378754289,21.90856957983041,0.8699939139801267,1.3699360378372778
89,True,1596.098894277831,0.019542730648129947,21.851960696394748,0.9264865789583274,1.4375221401082041
90,True,1596.0930605975398,0.01815039400666052,21.807925594740382,0.8996436037580708,1.4730908035929893
91,True,1596.1565333325022,0.016862342224641225,21.78002222791415,0.8955743100102274,1.4428827321046418
92,True,1596.2719511872951,0.015663987512347433,21.768735957325248,0.9598968770496747,1.3888058119226898
93,True,1596.431288381606,0.014548702611929087,21.770292690928386,1.0477407539697332,1.3730499391007434
94,True,1596.5935722260058,0.013511043860923166,21.77953804765924,1.0687783773693136,1.3219964508060593
95,True,1596.7156976448234,0.01254505493032454,21.80166634896343,0.9866804605537158,1.3143431006400166
96,True,1596.7942148934621,0.011645828268342484,21.83851584888292,0.887210228178171,1.2923382792708193
97,True,1596.8304567448504,0.010810459247206694,21.886549742674163,0.7946966243135182,1.2848627935756423
98,True,1596.8269090615768,0.010034766861256372,21.90578324249666,0.7191585045250392,1.3098465723425465
99,True,1596.7872004574292,0.009314758989287242,21.909818638735196,0.630764844151065,1.3145118875173099
100,True,1596.7208685745195,0.008645215301946507,21.900401769984267,0.5457201620749796,1.2982229084653258
101,True,1596.5989392026415,0.008020318546890337,21.860535641220167,0.516050254121543,1.2608345666904845
102,True,1596.4725651962883,0.007425375095788667,21.814675727778678,0.47505015341054535,1.0357501787424723
103,True,1596.3395839287273,0.006892108414689346,21.756736268537924,0.4725047917102333,1.0780481010710297
104,True,1596.2124702545684,0.006397058013369872,21.710344754384984,0.4117664807995891,1.0616318610369675
105,True,1596.082249908818,0.0059438664795692375,21.664768050985572,0.44542961154641736,1.0416570809867183
106,True,1595.962850036244,0.005521888911374617,21.63115518634329,0.45712535046155867,1.029690108210094
107,True,1595.8526732912928,0.005128340025390088,21.599623100663322,0.4369839961314488,0.9664258167351732
108,True,1595.7815974802886,0.004762989804678597,21.590783049328675,0.3771634097410945,0.6876664674278138
109,True,1595.7452247452543,0.0044219891788479515,21.587470161446298,0.3454802118111869,0.4583399698260732
110,True,1595.7630350820336,0.004106502683622892,21.619609303691536,0.2693502670851342,0.4961606819551945
111,True,1595.8226915054377,0.003809507742850826,21.645076644325446,0.309985083195331,0.6020409133118958
112,True,1595.9161244942225,0.0035379377570485815,21.68616769672052,0.31203770499865935,0.7110528673617527
113,True,1596.004066047286,0.0032824330638590027,21.702327148424537,0.2938059598901621,0.7380958812473947
114,True,1596.080903311226,0.0030493629358936403,21.722540447883365,0.24065033056733226,0.5501450462756963
115,True,1596.1228896670686,0.0028300347232352863,21.71228047271021,0.2103670303305945,0.3232414877504922
116,True,1596.147851379932,0.002629766732209049,21.70571214264783,0.20825315068074501,0.3080589190631718
117,True,1596.1450670588317,0.002442517069649597,21.681770099773637,0.19827901277439425,0.42562527814561224
118,True,1596.1318585856493,0.002268590055560793,21.677969211804136,0.174156473132462,0.306360799518641
119,True,1596.105479497907,0.002107186107586756,21.67809502339106,0.15338404035261244,0.25752190895930704
120,True,1596.0834411038577,0.001957041583388275,21.693229307201843,0.13528991946450636,0.329406473080169
121,True,1596.0653144418777,0.0018172272554295432,21.683288244839805,0.12036542090561936,0.2588915046871117
122,True,1596.0508055530863,0.0016864754333631993,21.68420665891807,0.16157086022673242,0.2649699356079801
123,True,1596.0319464676372,0.0015665284614030384,21.663639636319193,0.16706277084326074,0.25890315332148894
124,True,1596.0184044060784,0.0014543714345762737,21.661645425399698,0.16495659819227965,0.2795727066454027
125,True,1596.0037267855537,0.001350477557501506,21.653355757829125,0.1503849839080013,0.26396543656728755
126,True,1596.0016222343434,0.0012535613146873459,21.665703182840616,0.15032619178045328,0.3034897345923239
127,True,1596.0014029098957,0.0011638958591468906,21.65680783319369,0.1538769564850805,0.2885853117348745
128,True,1596.012232734542,0.0010796592512143377,21.66549478176533,0.17504606393097433,0.2849767373729122
129,True,1596.0202889986203,0.0010032756378208774,21.648970641399405,0.17405021107217578,0.26691880834714915
130,True,1596.0323662980395,0.0009313157565387087,21.64986222554824,0.16792425867674002,0.26853108626327654
131,True,1596.0370336410917,0.0008653653612000767,21.62961073676934,0.17181841259463565,0.25888187191648626
132,True,1596.0438570651995,0.0008028444295540282,21.628427736422108,0.15867797601478303,0.26934001546838526
133,True,1596.039957789397,0.000746195205739042,21.61638920762273,0.16303633347115054,0.26611766704774853
134,True,1596.0378431164897,0.0006917233299681413,21.624274799179837,0.16517007322722896,0.2758720313643559
135,True,1596.0285181940533,0.00064332420720703,21.61307289047345,0.1584231089396701,0.28022539067034474
136,True,1596.0233327274525,0.000596443736402108,21.62012991540144,0.16330036893387526,0.2668816153106439
137,True,1596.013984714865,0.0005551955236029471,21.605005850105062,0.1546439178820897,0.2696029264646726
138,True,1596.0081913579531,0.0005151764504205403,21.60871083636714,0.14913241844348213,0.266511625045962
139,True,1595.9978018504141,0.0004798110884109974,21.594779460693687,0.14788235166646346,0.2611490492763042
140,True,1595.9908509242,0.000446222605472002,21.602996349042154,0.13508469505106288,0.26869696060949605
141,True,1595.9796557246564,0.0004152327999840111,21.594795579547423,0.13257431054627886,0.2678373781309387
142,True,1595.9723977208173,0.00038644768527973383,21.60864506225256,0.12578392328759164,0.2623564281977105
143,True,1595.960980247915,0.00035942124106824735,21.6005512462793,0.11760518536444822,0.2576633557769077
144,True,1595.953981518679,0.0003345405154071557,21.61233775871096,0.11693887356308763,0.2598750963524269
145,True,1595.9430688619086,0.0003113318533536358,21.60065602743466,0.1073527846794184,0.25015245172888984
146,True,1595.9367867904718,0.0002898343620678645,21.60880352851632,0.11056796549567141,0.25923084264242563
147,True,1595.9268505281368,0.000269846482435554,21.59671712926974,0.10661531677701018,0.25034538948503277
148,True,1595.922562484603,0.0002514497994745568,21.60569596217204,0.10815692388862166,0.25904895062712957
149,True,1595.915592074484,0.00023394763066875157,21.596414139006416,0.10186741372632724,0.25002696090783477
150,True,1595.9150317223507,0.00021849034524379363,21.608042324826517,0.10366006927663926,0.2590585575941107
151,True,1595.912570326456,0.00020337020317029442,21.599379408413313,0.09792535225895087,0.24999270449868688
152,True,1595.9166597190049,0.00019034971941778167,21.611221213434554,0.10348742916180523,0.25903386751650226
153,True,1595.918549838595,0.00017742124165209816,21.601733966632395,0.10310527049101087,0.24970918444231902
154,True,1595.9258353327878,0.00016641325869315438,21.61288753342305,0.10665476104124799,0.25909614321840363
155,True,1595.9294171637587,0.0001553450802944667,21.603569639354237,0.10529205231461616,0.24984945767084066
156,True,1595.9370993447203,0.00014602068947056068,21.615377543115663,0.10804018564511216,0.2589981526595786
157,True,1595.9406364721644,0.0001364246877990638,21.606881634064923,0.10511188151785161,0.24985849677794778
158,True,1595.9480750735258,0.00012858143573524217,21.619466037383017,0.10888827708908252,0.25919510038038446
159,True,1595.9517412230175,0.00012024056308845843,21.610781066159493,0.10598804961490557,0.2502533934307375
160,True,1595.9589222462737,0.00011341289035016189,21.622875937597918,0.10756883868162503,0.2585696409496804
161,True,1595.9619013393547,0.00010612818628530363,21.613623805492637,0.10717906950895395,0.25100077995782366
162,True,1595.9679955448355,0.00010021895944234416,21.62520547335175,0.1052643654590887,0.25489998366394623
163,True,1595.9694548368584,9.383436772836262e-05,21.616248634406947,0.10527849063754423,0.25067160462535787
164,True,1595.9742983014487,8.889570656123169e-05,21.628011168636537,0.10402478953319585,0.25544271378925854
165,True,1595.9752736060673,8.3558085890445e-05,21.61873076932518,0.10183935297955063,0.25061193045138
166,True,1595.9797638232465,7.916991901524284e-05,21.629900946462293,0.10173343649465963,0.2525795710863267
167,True,1595.9803098084346,7.455267909861618e-05,21.619443347203006,0.1013098462641146,0.25112908059345856
168,True,1595.9842020870988,7.062834984594701e-05,21.62947424882179,0.09769537980433807,0.2514800251394811
169,True,1595.9832175688541,6.661895561066444e-05,21.61893741684231,0.09953993080666579,0.2578780431063827
170,True,1595.9861327895917,6.336030414644256e-05,21.629106360678655,0.09630710991688418,0.2501864940364262
171,True,1595.9849461644988,6.0051001593564024e-05,21.619002283667847,0.09545713344740225,0.25837916321997134
172,True,1595.9879730704392,5.73421377083605e-05,21.629446562771786,0.09567922787588876,0.24944911714813423
173,True,1595.9870848230594,5.4645239792705524e-05,21.618445369603183,0.09530081126713323,0.2585248383835546
174,True,1595.9900147425176,5.210449935333372e-05,21.62791065801309,0.0928664432444265,0.24909659869146775
175,True,1595.987996011941,4.9702943151430645e-05,21.6169146366998,0.09641551194265749,0.26102693837748203
176,True,1595.9898526728261,4.734320334520703e-05,21.62656395549389,0.0930390028989071,0.24824658573760236
177,True,1595.9866255196243,4.521683640490437e-05,21.61643404764405,0.09619520484022051,0.261059731588001
178,True,1595.9879000867256,4.325498387203197e-05,21.626672108105897,0.09732701984956318,0.2486012393913742
179,True,1595.9848947534217,4.161614727138385e-05,21.615434082013472,0.0977293130728897,0.26150772935443567
180,True,1595.9865461504455,4.000886577060214e-05,21.624019603635283,0.10125363565196253,0.24828703047407544
181,True,1595.9839435667852,3.885052440466552e-05,21.611321314572265,0.1025117884938936,0.26131644251744157
182,True,1595.985364817976,3.7224203492058905e-05,21.618675308556604,0.10229995262599144,0.2483468414938974
183,True,1595.98140252682,3.616738117173668e-05,21.60718538585409,0.10640679521293095,0.26210192482597966
184,True,1595.9815129524736,3.488817477403927e-05,21.616090925038623,0.10333210810209917,0.24933845573717084
185,True,1595.9761366377952,3.4109597343956466e-05,21.606101582917564,0.10625151392490967,0.2621388711472669
186,True,1595.9758266326037,3.307250753437074e-05,21.61616202436903,0.1072237413923657,0.25119677716719924
187,True,1595.9711433270286,3.25037874517875e-05,21.60469725358939,0.1057028165215253,0.26211336634971283
188,True,1595.9716905954435,3.1646523197537135e-05,21.61281383466735,0.10882312316309099,0.249254281412392
189,True,1595.968039389582,3.1294965751271775e-05,21.599794504603967,0.10813563134255161,0.262081649109169
190,True,1595.9686678133714,3.033292916043706e-05,21.606784514471133,0.10607494502670896,0.24902793798806483
191,True,1595.9635663555202,2.983196587891257e-05,21.596160128566517,0.10907439547507161,0.26343178362660874
192,True,1595.9627359099222,2.9151320639186906e-05,21.60593454574587,0.10331784723457532,0.2509559175345436
193,True,1595.955956188437,2.8683545096441776e-05,21.597373871623372,0.1046924359208036,0.26375564052068157
194,True,1595.954734986124,2.8148470399003145e-05,21.608768963274894,0.10425910239869302,0.2528822729446125
195,True,1595.9490215674841,2.769127972257479e-05,21.598290819145614,0.10015561494740821,0.26349880303930295
196,True,1595.9492356390856,2.725015966831279e-05,21.607161755582656,0.10394040640755452,0.250369754741455
197,True,1595.9456834850912,2.686725475342655e-05,21.594541038463472,0.10103370669749802,0.263864946468987
198,True,1595.9467846880816,2.6549956448462808e-05,21.60148172585095,0.09944892674472218,0.25155494528029776
199,True,1595.9420845724867,2.610545248415974e-05,21.591581085525608,0.1024424955306186,0.2645126400899597
200,True,1595.9418423426036,2.5819848676889023e-05,21.60184699352682,0.0952118995944465,0.251850114080918
201,True,1595.9348156793735,2.5207516802794316e-05,21.59474258361256,0.09901867536460242,0.26526597783634803
202,True,1595.934101754638,2.4915213298726258e-05,21.60733118166818,0.0970349228537987,0.2544238616976143
203,True,1595.928912519616,2.425714511744559e-05,21.598055517961637,0.09357019960590221,0.26527701577849755
204,True,1595.93129918847,2.3971516359466705e-05,21.607600669764096,0.10083960028963157,0.2527009848212159
205,True,1595.9311550849686,2.342933680310466e-05,21.594864096435217,0.09653753898741561,0.2676682960498456
206,True,1595.9363637656354,2.3196448104556566e-05,21.601130275562458,0.09681068625883993,0.25698122680832325
207,True,1595.9360821017026,2.2659995277507505e-05,21.59038157598869,0.101348012641787,0.2663944491374623
208,True,1595.9396640831385,2.2454150418127483e-05,21.599706371778222,0.09319298624469591,0.25539541180130443
209,True,1595.9351362745426,2.1734139370011007e-05,21.594430720865553,0.10042897083430573,0.2696893435932892
210,True,1595.9359701537762,2.1565712483351263e-05,21.609400922246092,0.09334915752559848,0.26318224466339396
211,True,1595.9309072720944,2.069728909503965e-05,21.60290963108504,0.09277364498511541,0.2687539121457699
212,True,1595.934505083228,2.0654227053995555e-05,21.61537317082338,0.1041204587997669,0.2599476804308991
213,True,1595.9380659850879,2.002672477274814e-05,21.603364555627003,0.09651740109185478,0.2752761620511731
214,True,1595.9463331271813,1.998358732535621e-05,21.609364861931727,0.10071525630311051,0.26912639633011415
215,True,1595.9483942192774,1.9535733724040938e-05,21.596121749307734,0.10691879273795406,0.27273306394800007
216,True,1595.9537222666277,1.9543064077254257e-05,21.603185235105506,0.09497594166661515,0.2669901019253394
217,True,1595.9494333743166,1.894299580484926e-05,21.59898403288738,0.10110014374836089,0.2764978869738433
218,True,1595.9501615990523,1.8972670918770973e-05,21.616227295203227,0.09591817654637498,0.2825410541185435
219,True,1595.9444965948073,1.786739176878882e-05,21.61249166366614,0.09473661460216375,0.27603243716063486
220,True,1595.947799979233,1.805821564460075e-05,21.62783121576689,0.10461342142071582,0.2795705219346628
221,True,1595.9510289976965,1.7376843373995143e-05,21.618021892352804,0.09572729322337525,0.2788700959439337
222,True,1595.9597095375718,1.7706288598873243e-05,21.625801513427213,0.10110983410354323,0.2848619420156009
223,True,1595.9613106150953,1.7422377165843272e-05,21.611421609457942,0.10683733860150495,0.279199982430235
224,True,1595.9665103794894,1.7736451077610127e-05,21.61795236187588,0.09497723551635666,0.28800816419784486
225,True,1595.9610065320057,1.7365416567827197e-05,21.61026388359751,0.09991304633925781,0.2790797528124907
226,True,1595.9611488647288,1.761566851854468e-05,21.624699806272236,0.09504931854639684,0.28504271672716225
227,True,1595.958512333829,1.687475633360691e-05,21.619292407358458,0.08676402745048266,0.2790504296268043
228,True,1595.9623746977607,1.7207789696271902e-05,21.63401069412664,0.10352610179193092,0.28560061836700007
229,True,1595.9630115056761,1.6704763460495542e-05,21.62422175854875,0.09646832444027231,0.28206203999159146
230,True,1595.969892344049,1.6974056890717293e-05,21.632975665981803,0.09725114315588063,0.28850495260455217
231,True,1595.9680382456554,1.673218442022062e-05,21.619453605964367,0.10445779745834889,0.28069621044080806
232,True,1595.971118245426,1.7039634165882944e-05,21.627574131136445,0.0912782742784324,0.28930790179125265
233,True,1595.9631151626695,1.6854723217107903e-05,21.618961489851483,0.09667431328564789,0.28132865278333125
234,True,1595.963045204985,1.7119694057043944e-05,21.632850841660105,0.09739149511872572,0.28833445966805854
235,True,1595.965949637493,1.670761617589278e-05,21.625319470036303,0.08555942537585604,0.28062103620470824
236,True,1595.9727437927806,1.699044231529001e-05,21.638264910295067,0.10059770688908176,0.28791074669391736
237,True,1595.9713312201045,1.679498103968058e-05,21.626829581167218,0.10322136663092694,0.2818255420712042
238,True,1595.974799074177,1.717827285574458e-05,21.636081379439737,0.09414471440226017,0.29008927004428214
239,True,1595.9673015108522,1.7210729467365127e-05,21.62417790623154,0.09977148793378524,0.28126721398893334
240,True,1595.9666843580892,1.7552312058910502e-05,21.635063477680756,0.0980770059298019,0.2885875597225838
241,True,1595.9657074837787,1.7500830498562436e-05,21.62551313080645,0.08619940121502527,0.27825031652985716
242,True,1595.9696611588313,1.7780427441493885e-05,21.63836588903651,0.10443559693207628,0.288894173213154
243,True,1595.9664042542136,1.764607937815299e-05,21.628157116140496,0.10187462455531178,0.2795989409569933
244,True,1595.9693777837654,1.7992986062864702e-05,21.639665417846462,0.09810514385332071,0.2887825701244994
245,True,1595.9621416142015,1.799189126572287e-05,21.627550722778857,0.10167608415496826,0.27091945750739216
246,True,1595.9621597384407,1.8377851528583733e-05,21.637822323912033,0.09969719936713808,0.28951443215928957
247,True,1595.959496512804,1.844741522916138e-05,21.626097828708726,0.0904793042017249,0.26499270757104854
248,True,1595.9630633959143,1.8716239697624815e-05,21.63719667985833,0.10645452864340922,0.28908616737674814
249,True,1595.9599067433091,1.8634177120446793e-05,21.626325835869647,0.10050113907314714,0.2662331378820194
250,True,1595.962969459406,1.9076604896639537e-05,21.638478935453396,0.10014266168929438,0.28893557978253914
251,True,1595.9570802462056,1.9094852085288494e-05,21.628140727301492,0.10204727622303186,0.2656811395223558
252,True,1595.9578592332941,1.9679267822425572e-05,21.641253588543886,0.09879222781169814,0.2876101985655331
253,True,1595.9518696251655,1.980944677271168e-05,21.63152972587637,0.09457518880979233,0.264749970652905
254,True,1595.95366024939,2.0208841473134953e-05,21.644560553790136,0.10359137866410159,0.28752117602605
255,True,1595.950150328544,2.0194680850238456e-05,21.634102103256232,0.09524472997771581,0.26523566141353394
256,True,1595.9538486038396,2.056303829434114e-05,21.645318610828873,0.10148014273513375,0.2877185935690898
257,True,1595.9494944207202,2.0551884393427144e-05,21.633233020793593,0.09908839595576845,0.2656863526283605
258,True,1595.9521349418665,2.099882278727705e-05,21.64271639822713,0.0975903341143737,0.2842253416886066
259,True,1595.9471550631688,2.1062534543148104e-05,21.630300182366668,0.09631178625205418,0.2656220144917371
260,True,1595.9494324938864,2.1331634791010856e-05,21.642077680543473,0.0977790506992769,0.2760924146324648
261,True,1595.945794866306,2.1247330437290657e-05,21.631505610679838,0.0944328189899669,0.26617014507777204
262,True,1595.9492812998158,2.1455222285027276e-05,21.643928770969314,0.09822457844209016,0.27278052417411214
263,True,1595.945538746483,2.1354005149021305e-05,21.63328879102774,0.0969587373423597,0.2666215849940681
264,True,1595.9488872483712,2.1614221306975878e-05,21.643628863104173,0.09494635589356062,0.26585996723739763
265,True,1595.944552910863,2.164847468577591e-05,21.63161963279679,0.09784372286192385,0.266142060086972
266,True,1595.9473864297706,2.1749553773986463e-05,21.642035111388157,0.09376248107891713,0.2584108560471592
267,True,1595.9448350554721,2.1800693982498842e-05,21.63020260482773,0.09574350394385109,0.26629016894313384
268,True,1595.9490236452748,2.180100686643982e-05,21.64057639491914,0.09544988191498514,0.2516780843079244
269,True,1595.944829976767,2.1864761020395918e-05,21.62850534525049,0.09972351567175165,0.2666625299457191
270,True,1595.9476490584211,2.1672604272993112e-05,21.638509113385755,0.09258182070459409,0.24426318203789643
271,True,1595.9457164799744,2.167811326359015e-05,21.62627627110071,0.09600529799584268,0.26608160880046927
272,True,1595.9501025751906,2.1408171512860008e-05,21.63621402073007,0.09552588859718374,0.23766524922399168
273,True,1595.9453605708072,2.1443805390930493e-05,21.624238867091744,0.1023637229665797,0.26609889007783766
274,True,1595.9476223604026,2.116267513230241e-05,21.63449153872814,0.09023741765624566,0.23439816186678317
275,True,1595.9470076110565,2.1254817987426122e-05,21.622952182088575,0.09484155691105103,0.2701979199420772
276,True,1595.951971505459,2.0871309590830833e-05,21.633199685587922,0.0960821887263112,0.24006399554712596
277,True,1595.9477684277908,2.0959209066973017e-05,21.621927395978197,0.10283375289519714,0.27190144079947326
278,True,1595.950275973529,2.055431066949609e-05,21.632238587865803,0.09000641229870389,0.2425574301361844
279,True,1595.947857495659,2.065951542462585e-05,21.62123484629477,0.09568619348479021,0.27410263104175114
280,True,1595.9519078067453,2.020390679291495e-05,21.63159957520439,0.09600776675589284,0.25720562422792786
281,True,1595.9478068048356,2.029194329367101e-05,21.62138716709621,0.09992601241910236,0.27409634987993686
282,True,1595.9508400256398,1.983758597390306e-05,21.63241108782662,0.09226669112960804,0.2653928837561254
283,True,1595.9487137723017,1.9933962452256537e-05,21.6222927571292,0.09426489692267957,0.27414578604842665
284,True,1595.9532690220612,1.9488682454493755e-05,21.6329231593898,0.09731542044568545,0.2801796804138552
285,True,1595.9510235932803,1.9614753156815823e-05,21.622268633064706,0.09650603875643828,0.27406708633263566
286,True,1595.9552842134287,1.9139464015438534e-05,21.632065744104953,0.09559537071311972,0.28793622848107664
287,True,1595.9532269990207,1.9249207202420848e-05,21.620976319033787,0.09571806665024507,0.2743746226925481
288,True,1595.9572508367555,1.875389190431065e-05,21.63026998895813,0.09639233207391126,0.2919833722992732
289,True,1595.956136078129,1.8833888894675965e-05,21.619332072456363,0.09480325289591898,0.2756415425410853
290,True,1595.9603533950378,1.8610353549775027e-05,21.628816226506686,0.09708211456387714,0.292243805994785
291,True,1595.9600825340135,1.8888134949435198e-05,21.61824761139912,0.09596902167483325,0.2779162730730874
292,True,1595.964199979435,1.8753642983426744e-05,21.628182182194507,0.09640810500110411,0.2929681158303562
293,True,1595.9641799194067,1.9098448468923834e-05,21.61807395860327,0.09610537281577813,0.2810039102924657
294,True,1595.96747920025,1.9020012135939623e-05,21.62834759460264,0.09515749482302627,0.2936387974530449
295,True,1595.9650205464704,1.9414033740616787e-05,21.618329544277763,0.09517662873140394,0.28442294923767963
296,True,1595.9662193237996,1.9325049564145047e-05,21.62835921415218,0.09380565965052474,0.2931193896450355
297,True,1595.9637082473962,1.9754163005814007e-05,21.617810912974203,0.09621213446019901,0.28766342682662555
298,True,1595.9649212093423,1.9628577192065677e-05,21.626872491858666,0.09319169889625986,0.292725736727313
299,True,1595.962039367998,2.0098320803185743e-05,21.61521822287992,0.0956353174734403,0.2912315923969216
