step,bp_conn,bp_rate,bp_min_slack,bp_max_dist,bp_mean_spd,bp_max_spd,b_conn,b_rate,b_min_slack,b_max_dist,b_mean_spd,b_max_spd
0,True,1785.9649457956007,3.9675695942210396,18.049944601991555,0.16795672660557068,0.5077664416981886,True,1785.9725587553007,3.9559631443290364,18.04904280385149,0.4883766296864095,0.5604776887681628
1,True,1785.929495341326,3.9050073613536327,18.14979257477932,0.3433966222283387,1.008894970001475,True,1785.9575639887562,3.8907322196612206,18.148023046763917,0.825504779316151,1.0931990897260306
2,True,1785.869520318307,3.8121256794914586,18.2994861680463,0.5206648807990714,1.5061123834386074,True,1785.9392807503548,3.803138029892761,18.29713270719948,0.9597052285919205,1.626133440660139
3,True,1785.780083965351,3.7032965053652482,18.498857762937117,0.6866521616306257,2.0010753098232703,True,1785.9154883629294,3.7132946438949013,18.49636838449602,1.3372973353513302,2.1270445854018467
4,True,1785.666370743815,3.592053357338699,18.744570137880096,0.8379095857534765,2.464304679260432,True,1785.8862033517362,3.6083311492201062,18.745614230001717,1.5657307171586075,2.6166572885382458
5,True,1785.5906707947438,3.497435091787697,18.989809082991407,0.9351658674602721,2.460075459166463,True,1785.863270798554,3.5355809716544186,19.03256251187213,1.8049518075425992,2.9532890656118265
6,True,1785.5837201381876,3.4359353359541736,19.207790950777852,1.0009656572697319,2.1823000053202253,True,1785.8573987391214,3.503618669124073,19.34224031623668,1.9522749009512228,3.151416688090325
7,True,1785.642754430182,3.4047863630126116,19.395747478965216,1.0606950071932113,2.043857821457563,True,1785.881888033086,3.538743730699238,19.660418939038042,2.136928737605749,3.215643197414899
8,True,1785.7647592075602,3.409267947072273,19.550619856700795,1.1246795149018014,2.23215709678502,True,1785.9739632800963,3.6430460442327153,19.95634026138177,2.264447321572495,3.299782841496154
9,True,1785.954167132847,3.451128948089327,19.664496126027213,1.1695411603223427,2.4541398120641644,True,1786.1225650514723,3.805765057708502,20.20478912647224,2.37719283385162,3.580245306683012
10,False,1440.8861352354459,-8.448705067228012,36.44870506722801,1.2741605524440098,2.5523409721853128,False,1440.8059628469662,-8.121849119292435,36.121849119292435,2.311236360291681,3.8348248937706275
11,False,1441.217393564063,-8.482429379672986,36.482429379672986,1.2629058479116908,2.3855847667636363,False,1440.9704437579992,-8.127659681563557,36.12765968156356,2.2561301611627904,4.001729032786868
12,False,1441.5213639807826,-8.475872959421302,36.4758729594213,1.2633255614097005,2.4966359871686605,False,1441.1154444610172,-8.129563979424276,36.129563979424276,2.1354258699522606,4.217937755460917
13,False,1441.768089746461,-8.423557571679282,36.42355757167928,1.2772117066744553,2.8040346481461214,False,1441.218217355698,-8.100072364798166,36.100072364798166,2.0475212217582763,4.588614024772142
14,False,1441.9424029163197,-8.327845514067548,36.32784551406755,1.251297406582092,3.0206079138973285,False,1441.2659362789382,-8.037099707949722,36.03709970794972,1.9297401599625876,4.835668182513235
15,False,1442.033531474736,-8.189940575532312,36.18994057553231,1.2100834578220407,3.207981767708912,False,1441.276952003536,-7.924778978755143,35.92477897875514,1.8991902030725263,5.1231170542024556
16,False,1442.044975556452,-8.017325991644952,36.01732599164495,1.1864078493813341,3.372500816754455,False,1441.2122367973514,-7.745019835370542,35.74501983537054,1.9206941986318014,5.351369410849395
17,False,1441.980114088765,-7.814229405695066,35.814229405695066,1.1689865844663534,3.510977435389854,False,1441.1227102158443,-7.488942086767423,35.48894208676742,1.9688200141351062,5.545405337454164
18,False,1441.8425271042768,-7.583003248357393,35.58300324835739,1.2132326054027907,3.6077935904385288,False,1440.985281639954,-7.1542520979380555,35.154252097938055,2.009563659723441,5.689275121188884
19,False,1441.6224395805382,-7.3159665192213055,35.315966519221305,1.2640852028683707,3.642088039466961,False,1440.81656117189,-6.744175498006733,34.74417549800673,2.0739621304182068,5.809329579928908
20,False,1441.2959538984046,-7.001035405369805,35.001035405369805,1.3901926170733256,3.6329141603474278,False,1440.5954178518052,-6.2625949432011865,34.26259494320119,2.0813499046276243,5.779288643709004
21,False,1440.88715151023,-6.635054132829296,34.635054132829296,1.5499313602259313,3.69055512555272,False,1269.7128223567227,-5.719224924313075,33.719224924313075,2.0287044158732197,5.290806711172312
22,False,1440.3624372800402,-6.216934326950344,34.216934326950344,1.7354330770187243,3.6051004162229043,False,1269.5985553496982,-5.152059111108983,33.15205911110898,1.9650129191203212,4.794774535378009
23,False,1439.7259258383267,-5.747226977739956,33.747226977739956,1.8734373944740077,3.6076712318560067,False,1269.4286420317133,-4.561526384346813,32.56152638434681,1.9538015126099184,4.359685567396149
24,False,1439.01746276391,-5.227595248795531,33.22759524879553,1.938728778753072,3.7152840096729793,False,1098.6200637989969,-3.955770122847248,31.955770122847248,1.921519360912076,4.65047121019441
25,False,1438.3215369969062,-4.659488160858494,32.659488160858494,1.9187281964918905,3.7979214582151166,False,1098.5908807925102,-3.321188765960372,31.321188765960372,1.8731368734428286,5.077465058887314
26,False,1437.6507658072032,-4.044789251411942,32.04478925141194,1.897806629927879,3.853987865125922,False,1098.549541436935,-2.6594358466073302,30.65943584660733,1.8455643100308645,5.486938193181014
27,False,1266.3593049050348,-3.3856173324728154,31.385617332472815,1.8720291393594883,3.882430130841575,False,1098.508165770925,-1.9716035127039397,29.97160351270394,1.8936493957086467,5.887626104433138
28,False,1265.8019654249256,-2.714108721037242,30.714108721037242,1.7880729432782543,3.65799398569653,False,1098.4745296174447,-1.340930326513817,29.261808372719944,1.937604658044454,6.260303418856206
29,False,1265.2417965610014,-2.031380600063816,30.031380600063816,1.775871702809858,3.6750676773627733,False,1098.4629428737992,-1.3309720133164156,28.537622598235686,1.9606897656417694,6.609653607032173
30,False,1264.6693844758165,-1.3470316257656876,29.347031625765688,1.818812621842266,3.985511889219571,False,1265.4830821825803,-1.2786471387740832,27.80095348080478,1.9928968000042229,6.943137391787961
31,False,1264.098112725544,-0.6645007961603042,28.664500796160304,1.8811982630294777,4.250940475961336,False,1265.9588110738116,-1.2040770883962644,27.072350443744327,1.9935995581834691,6.90294059353606
32,False,1430.442225146645,-0.15040905595197174,27.981679718670375,1.9508745042974773,4.5031356990441465,False,1266.349328763807,-1.1086335903887026,26.351035457677654,2.0265402610311622,6.895722192509205
33,False,1430.375685114321,-0.06610114847165605,27.308891764471095,1.9836481523605474,4.502722499155497,False,1266.631354870388,-0.9939496701370523,25.62477362595739,2.0679150062421483,6.970312390823956
34,True,1601.0483091377614,0.029054314246103274,26.66596236037415,1.925747874185645,4.274063645593849,False,1266.783266391905,-0.8622226170977214,24.899372557398543,2.0747913203284103,6.951476145769729
35,True,1601.0523919384666,0.12912588001648473,26.069964807561956,1.9097938936171786,3.8136004717657204,False,1437.6334703800378,-0.715216449847194,24.194525864825984,2.042903087816514,6.734987830623413
36,True,1601.067863556245,0.2324108405212293,25.521791827359117,1.881431734564169,3.648369375992992,False,1437.6983077799107,-0.5531688508588566,23.52436472963682,1.9851713873418926,6.365416853235416
37,True,1601.0867231531233,0.33616899292271185,25.021359776381853,1.8581792826058254,3.678156660319439,False,1437.6292657333618,-0.37289734148173537,22.893199736882053,1.852657245174496,5.976825446229334
38,True,1601.0779146972054,0.4394411389145887,24.56828808590563,1.8719580055459635,3.696254471202614,False,1437.506583306014,-0.16903929077990298,22.305025800162877,1.702570131235344,5.597807901285519
39,True,1601.0267769882469,0.5424556452702767,24.161110250050147,1.9060901003669786,3.717653494896108,False,1437.4445882804953,-0.1108662109258951,22.110866210925895,1.5104560646327476,5.200033506339291
40,True,1600.935298457143,0.6443036860448181,23.79198710922558,1.9601030305994178,3.7467790133831067,False,1437.6599778685195,-0.5183142275958161,22.518314227595816,1.4401762624192553,4.834367931336457
41,True,1600.8142989963771,0.742825708546583,23.449236125010263,2.0105956501965587,3.782397617122359,False,1437.7957841668613,-0.8822278020162919,22.882227802016292,1.476429564301136,4.666538064316316
42,True,1600.6781848362994,0.8381603380767899,23.119669060589853,2.076683921492957,3.8373881736536806,False,1437.8518105185485,-1.1981065079491664,23.198106507949166,1.5518823564577642,4.475331171006509
43,True,1600.5228708388925,0.9295397633799709,22.784824321426377,2.1170326524253484,3.8721835428035978,False,1437.8042099276454,-1.4636138417294973,23.463613841729497,1.6397546378158485,4.283955306842204
44,True,1600.3540699625491,1.0175365504956666,22.433979670810963,2.1394967152166764,3.912524044739153,False,1437.6691498894884,-1.686149676012608,23.686149676012608,1.747304690279396,4.072568697254289
45,True,1600.1763053836721,1.1041651947115767,22.0504074001748,2.138432540853051,3.9760818157104394,False,1437.4693103210313,-1.8650784882945182,23.865078488294518,1.760566250697653,3.783685309264319
46,True,1599.9981654307182,1.005026674418211,21.63163748519523,2.1096109659723883,3.9628003578333106,False,1437.2165924155552,-1.9971151091858985,23.9971151091859,1.680700989968714,3.38008028700006
47,True,1599.819893792274,0.91040953715056,21.187800164306548,2.074070469054858,3.7643284246232405,False,1436.9264082465345,-2.090106742289361,24.09010674228936,1.6651025348034088,3.058715934375166
48,True,1599.6372034100943,0.843767513510624,21.156232486489376,2.0696157004208304,3.442366540417363,False,1265.9006212206416,-2.1309894696027065,24.130989469602707,1.6100910750224222,2.630764940813372
49,True,1599.448955109293,0.8087974253813925,21.191202574618607,2.05813815987916,3.170633588387161,False,1265.5998346199121,-2.1372542391638234,24.137254239163823,1.5988280298972457,2.3329461645948535
50,True,1599.2554214338816,0.8057542685157664,21.194245731484234,2.0131319901678237,2.955919890150172,False,1265.232669173701,-2.100045233965215,24.100045233965215,1.526778184048569,2.325283829975542
51,True,1599.0523278662902,0.8160374946825186,21.18396250531748,1.9375261831386354,2.952246715138465,False,1264.8041931426008,-2.0178113092486,24.0178113092486,1.477440789634855,2.3126505591223077
52,True,1598.8373001972318,0.8233391646233414,21.17666083537666,1.8710885075646808,2.9670352944206364,False,1264.3226613690558,-1.8900942731372865,23.890094273137287,1.4396663480757639,2.2745647290047
53,True,1598.614776497902,0.8265395983186998,21.1734604016813,1.7882953566642592,2.9584886505932304,False,1263.8012311694952,-1.7185644233838353,23.718564423383835,1.432969135713973,2.2328869469382235
54,True,1598.386564924762,0.824795153155641,21.17520484684436,1.7106108703345662,2.892679095054922,False,1263.2973571038863,-1.5062702848600722,23.506270284860072,1.3673811669079503,2.245330212332044
55,True,1598.1538894137468,0.808547120673115,21.191452879326885,1.6415222737221824,2.8664853620717285,False,1262.805314582975,-1.2570505879240805,23.25705058792408,1.37710244345076,2.2580820601349316
56,True,1597.9249060700724,0.7756617463148956,21.224338253685104,1.590406659919336,2.823567158988967,False,1262.271230166679,-0.9737503558763301,22.97375035587633,1.4315682820675155,2.2711159122917204
57,True,1597.6965035457997,0.7160405464335575,21.283959453566442,1.5187873173565845,2.9132976121107665,False,1261.6976591194114,-0.6602036959334541,22.660203695933454,1.4690596035141552,2.2840340268857866
58,True,1597.4895522578734,0.6543010847825705,21.34569891521743,1.4419417618577617,2.8564596742385056,False,1261.0953365453086,-0.632537447977267,22.632537447977267,1.4921405493751616,2.292258901307037
59,True,1597.3159383175691,0.5935160731100453,21.406483926889955,1.3431012090358645,2.8119891722791173,False,1431.202894149662,-0.6678304319347141,22.667830431934714,1.4997891198778488,2.5881021571763134
60,True,1597.176117694374,0.5351084582816981,21.464891541718302,1.2775255103779408,2.77489878239689,False,1430.80518711962,-0.6700999101567469,22.670099910156747,1.4605037948898916,2.726899019851366
61,True,1597.0964934080757,0.48037700509495096,21.51962299490505,1.1855747814667952,2.7712537163063713,False,1430.3904448829958,-0.638812574485403,22.638812574485403,1.4765405346572473,2.2570877192120884
62,True,1597.0622096429702,0.42850977678390123,21.5714902232161,1.1263392298451576,2.767609723270133,False,1429.9593807914632,-0.5759540222989905,22.734912378972588,1.476035202922761,2.253480745855052
63,True,1597.0516997825332,0.380746139428485,21.619253860571515,1.167764523595857,2.7620730553332695,False,1429.5218508437777,-0.48519693109563633,22.836127367692438,1.4612946373509068,2.250261752187108
64,True,1597.0377168333089,0.3376720334872516,21.697391014551087,1.196397615061777,2.758432312325977,False,1429.0833513874625,-0.36829927862308764,22.934670768293714,1.445804383108948,2.2363919403483523
65,True,1597.0053317975714,0.3018332104512602,21.89053604515137,1.234656114378534,2.7547926587990954,False,1428.6580117362614,-0.22608450882151132,23.021490070296526,1.41963968722917,2.5416713186042004
66,True,1596.938610125236,0.2754109948971717,22.06788404582073,1.2999200249405796,2.7511540990766257,False,1428.1973687705638,-0.056717688603043825,23.114537407352998,1.4338061671168933,2.892040093887935
67,True,1596.8501859585726,0.26012695789870577,22.237813402034487,1.3125079075497783,2.7475166375041713,True,1598.4968488428117,0.1337653814303721,23.231883192466434,1.48338846704663,3.1992675055011075
68,True,1596.7465872559976,0.25750409662782303,22.406377450905286,1.3187311114336002,2.7438802784490646,True,1598.1785739979607,0.2963095085012597,23.3097747032067,1.3329471786971347,3.434225942178999
69,True,1596.6333318639147,0.26854755093057747,22.57823993886501,1.3302635850928362,2.7655368858850755,True,1597.9236611100066,0.4363382001646485,23.367428016892294,1.2369629180399528,3.653151093390505
70,True,1596.5134669376655,0.29764743343785227,22.7565480399697,1.3179596070894215,2.905650681786093,True,1597.7551837735055,0.4450960748775685,23.481647025161607,1.0538999855889764,3.811879985129532
71,True,1596.389911932567,0.3495809724286296,22.940980585990594,1.2863223555696366,3.0427623429090294,True,1597.6084253120835,0.5104584067073787,23.52037166624858,1.0195669031510906,3.9405972973760472
72,True,1596.2642958940094,0.4342137526841263,23.12925691741136,1.2799014289136155,3.172770943512658,True,1597.5338646279704,0.6309005393851592,23.547892923886288,0.9689304749143204,4.0503291101049745
73,True,1596.1350351068895,0.5572413028891532,23.317478283962704,1.2987535512972956,3.2848509963435064,True,1597.5197867493282,0.8052232813213323,23.551711739070768,1.0609818335258185,4.129696597578713
74,True,1595.9967112870459,0.705274803955767,23.501212017460485,1.3463176436298228,3.368589815885232,True,1597.5843124444718,0.8569190690382769,23.555348846296187,1.1370366130678433,3.7678822153027784
75,True,1595.844384453321,0.8690937940170187,23.676420581556744,1.4043909920732065,3.425824844044035,True,1597.7130411694168,0.8979922070094055,23.538171813081398,1.1612526663108138,3.3302446436027453
76,True,1595.6775139209053,1.050405649445299,23.842232466635828,1.4972594254506975,3.4809659871051464,True,1597.9233408095886,0.9288977199273987,23.521030288060576,1.3147222228778772,2.938144323177728
77,True,1595.4996430644458,1.2713597432335426,23.997984655370715,1.497850129057946,3.5381132732106093,True,1598.2054230203476,0.9470155169129164,23.4917484193768,1.3760921325409998,2.4656065294941465
78,True,1595.3122616880971,1.5331603204258641,24.140368733098168,1.4819588017017487,3.575346872295812,True,1598.5583850854014,0.9541885866722382,23.446798708375344,1.4420448006596915,2.447020056667991
79,True,1595.112309329652,1.833735033620389,24.263818076078742,1.4378618678154365,3.57139253203679,True,1598.9799381297782,0.9543780426694646,23.389458438414522,1.490175244340866,2.8914773879913955
80,True,1594.8942235976538,2.126264472162834,24.36571619612968,1.4312289030734053,3.5674383654303314,True,1599.4699481962357,0.9455720480426635,23.323910322933678,1.5293672313979045,3.3176387160139535
81,True,1594.6571519975332,2.3399372043153974,24.445690793766104,1.5044088794507773,3.5634843730545103,True,1600.0359066446604,0.8258547616021765,23.258141356595715,1.5580230130008004,3.70866890198461
82,True,1594.4073721163404,2.550574426735608,24.504430910170683,1.6145752540670786,3.559530555489942,True,1600.677407354937,0.6758101399803778,23.181421556694254,1.5233613262689338,4.108245364223971
83,True,1594.1467831021178,2.762623083974397,24.75604244248838,1.7548227526744626,3.5555769133197996,True,1601.395981114859,0.5596464522746665,23.083754102562185,1.4803421255611662,4.519550729797225
84,True,1593.8764670844466,2.902875818758641,25.09712418124136,1.8845180372539772,3.5516234471298262,True,1602.2249417663,0.48483531571041283,23.00198866543211,1.4605201741880882,4.917871736437557
85,True,1593.5909211124062,2.5399689600070587,25.46003103999294,1.9851034104631455,3.6361309077278476,True,1603.1224901995258,0.48826068934588207,22.880632790976772,1.4072727409071015,5.282841157301951
86,True,1593.28775576918,2.154482151032127,25.845517848967873,2.032471650722976,3.8611571090633534,True,1604.1439911662264,0.48779455219346346,22.808311560301608,1.489652786295317,5.586068480808731
87,True,1592.962164735442,1.745481963141149,26.25451803685885,2.1078995369973823,4.095578460605016,True,1605.2600759643233,0.40505923351708617,22.722929188099524,1.6133907513371977,5.797472410892289
88,True,1592.6324095135449,1.3121612000173926,26.687838799982607,2.2105148396378116,4.3381318573033205,True,1606.4188281492113,0.3341631348313676,22.65015672985434,1.718534468855468,5.820023159808752
89,True,1592.2931053035682,0.853928635270254,27.146071364729746,2.273635890494361,4.586657551379224,True,1607.5316100369826,0.27575135954714725,22.579008515492816,1.7606218445228934,5.352198921388146
90,True,1591.9434950755317,0.3705330026589415,27.62946699734106,2.330356759478422,4.8377565720664455,True,1608.5932158269447,0.22725132531304837,22.502386586090363,1.789794036773341,4.844691308893119
91,False,1403.8558377829513,-0.13712124519199165,28.13712124519199,2.364982029527409,5.079882249500371,True,1609.599722149171,0.18515766055014282,22.41231106088767,1.8129611341876926,4.349272310089234
92,False,1404.0782259993064,-0.66551355135244,28.66551355135244,2.404998475067604,5.286894666058063,True,1610.53329194263,0.14745167885429922,22.316576019881968,1.7968250863364932,3.865472777635004
93,False,1404.3047400661503,-1.215237106225839,29.21523710622584,2.4528548834557933,5.49986688896643,True,1611.3774155910535,0.11657928776583759,22.220796669727747,1.7546282448884023,3.3649422314248096
94,False,1404.533225546025,-1.7872451273261696,29.78724512732617,2.509522535839442,5.722394421043913,True,1612.1199533477607,0.09001620023226664,22.129842097176258,1.6687107338240332,2.852411081751716
95,False,1404.7584423669182,-2.3812284244504127,30.381228424450413,2.5496892843410466,5.941864719546276,True,1612.7519133993464,0.06623394475449729,22.213197736570077,1.584019975660563,2.348058495363396
96,False,1404.9786910644696,-2.996324670247901,30.9963246702479,2.603709535402647,6.1527472039729085,True,1613.2627743236237,0.046198000923368454,22.550058944988834,1.5211308495296878,2.2226148705783837
97,False,1405.1913550586828,-3.6313838539430456,31.631383853943046,2.6474545903618116,6.352162451042165,True,1613.653311876816,0.03186141180039215,22.835368250880034,1.416724427953922,1.9816032771046546
98,False,1405.3963002328683,-4.284791775205228,32.28479177520523,2.6947357201677935,6.535466945715349,True,1613.9260939369103,0.058955289372075725,23.06998538716828,1.2867366926317574,1.7140030849936214
99,False,1405.590403407029,-4.954197598139608,32.95419759813961,2.710601752988471,6.695202020912857,True,1614.0739869848185,0.13429012420566622,23.25612580031726,1.1582966810077382,1.7583842358683086
100,False,1405.7731223394592,-5.637438104708785,33.637438104708785,2.7410039800123553,6.832576551922946,True,1614.0945879510305,0.2495653695191855,23.397739776312125,1.04331814643519,1.7663136241186876
101,False,1405.9453454104519,-6.332215739545639,34.33221573954564,2.7398619153496644,6.948288192667733,True,1613.9936503238728,0.35354416502552866,23.49620122972529,0.994553512743425,1.7250637326841898
102,False,1406.121770584586,-7.036331295032191,35.03633129503219,2.756978194654721,7.045764118368793,True,1613.777992430891,0.228797721781703,23.554917416655293,1.0194599979042516,1.6937525033936311
103,False,1406.3065370832933,-7.7476079085119665,35.74760790851197,2.7301460596963394,7.127748714688649,True,1613.4835620366466,0.1236224203461056,23.580983388295795,1.066305073239708,1.6256714374625427
104,False,1406.5153291619117,-8.462492653553248,36.46249265355325,2.701890182889466,7.186022982670394,True,1613.1323967090436,0.039788337141320795,23.581020171750907,1.0700625142458249,1.6000754156021941
105,False,1406.7598349531238,-9.178029718075024,37.178029718075024,2.6902766354121965,7.227754869443317,False,1442.0594395480207,-0.024177573187273538,23.557548074239588,1.0609944918562757,1.642656843633284
106,False,1407.0185658131827,-9.892874859618047,37.89287485961805,2.6624612007010655,7.261369936554931,False,1441.6466962458092,-0.017568793820082362,23.5143265035096,1.0343885724897157,1.8322471808201974
107,False,1407.2980479362895,-10.60740759720425,38.60740759720425,2.6799863356220186,7.29622709021657,True,1611.905239184599,0.06114824042929712,23.453354941208435,1.0424197670087696,2.001412020110496
108,False,1407.5915640587323,-11.321914879971985,39.321914879971985,2.7016781797823004,7.32999664738895,True,1611.4401097440596,0.1331552877576634,23.37531964645145,1.0478782264482498,2.1517914490245786
109,False,1407.8924042488636,-12.036621053856614,40.036621053856614,2.744845736544825,7.361223371302227,True,1610.9378664541891,0.19739158611353602,23.281395174223483,1.1118592588646896,2.2840433302074055
110,False,1408.1939011775173,-12.7516979383756,40.7516979383756,2.782835381109803,7.389104292763726,True,1610.4323055911423,0.2530885147182964,23.171764076312524,1.1522592294922243,2.4074919072833887
111,False,1408.49053982622,-13.46727647361535,41.46727647361535,2.8224189356653904,7.415955976723396,True,1609.9045820421668,0.29997624879010587,23.045816340461442,1.1446616747552727,2.5220080571915697
112,False,1408.778516628393,-14.18348431329811,42.18348431329811,2.8697972515085866,7.446738791442919,True,1609.396853617257,0.34076400232112647,22.90180598662903,1.156027698799241,2.6281508169109977
113,False,1409.0529730325093,-14.900494895811576,42.900494895811576,2.935618151540468,7.488440864138046,True,1608.8852260816243,0.3797676020843994,22.73717133496755,1.1618433719523735,2.719151772765529
114,False,1409.3094663613656,-15.618552708608597,43.6185527086086,3.0185630651538946,7.544975801210998,True,1608.37519738745,0.4173174143235485,22.55713070027328,1.1699966375513857,2.7858100036593987
115,False,1580.559319775214,-16.33794268693812,44.33794268693812,3.1057571700620494,7.612050119942986,True,1607.8688200884567,0.453929266100765,22.371236146734663,1.1680557508466354,2.8286457765919883
116,False,1581.047451586915,-17.01640872751576,45.01640872751576,3.038888685787856,7.40467981395891,True,1607.3606540650949,0.48909769358104427,22.182792963886133,1.1766594733421034,2.8510436405360466
117,False,1581.4702128643316,-17.6517563166301,45.6517563166301,3.07762995742796,7.1974984769548795,True,1606.8626002864708,0.5230032437263397,21.994130190228503,1.1803202334237217,2.8529726129502753
118,False,1581.8287016696065,-18.243932383545264,46.243932383545264,3.1268017733047135,7.003013312434194,True,1606.396161057973,0.5572523068858501,21.807175658119995,1.2012459111894442,2.8497641175226494
119,False,1582.1244420434202,-18.793798550723928,46.79379855072393,3.2229546850841073,6.858324084044762,True,1605.92944068604,0.5939434730970881,21.62312609299493,1.2270792660841807,2.8465576712426035
120,False,1582.364892692986,-19.30226639017387,47.30226639017387,3.2527696199916685,6.769004233778659,True,1605.4611303614806,0.6339334858583427,21.44234879539017,1.2072200831891382,2.8433532810426
121,False,1582.5497622707137,-19.769835515810705,47.769835515810705,3.29173330194463,6.702694390177622,True,1605.031199168581,0.6776161101365581,21.395427539718444,1.242052078934197,2.840150953881935
122,False,1582.680258501143,-20.194590323906546,48.194590323906546,3.391541897138204,6.495034823897766,True,1604.6045993869693,0.7263125396847769,21.37552550059502,1.2526596576726758,2.8369506967468343
123,False,1582.748953334395,-20.572252405524317,48.57225240552432,3.3417850787084165,6.038867024534358,True,1604.184987993234,0.780951314366007,21.359771699297706,1.2608328650903684,2.8337525166505584
124,False,1582.7594029619167,-20.90052872286958,48.90052872286958,3.3793433827526393,5.483971277202459,True,1603.7888569421082,0.8420213776012702,21.330153729289187,1.2763354514376979,2.8305564206335014
125,False,1582.7148141202313,-21.18402159697535,49.18402159697535,3.3247023715426547,5.452309098563402,True,1603.389753293795,0.9099204157898093,21.314403559970675,1.2687090104119796,2.8273624157632926
126,False,1582.6201914254975,-21.421597100137674,49.421597100137674,3.37916063254435,5.753303814627675,True,1602.9933783802596,0.9847671802554778,21.305885478126754,1.2757006068350798,2.824170509134901
127,False,1582.4821406245374,-21.621961171002894,49.621961171002894,3.4697345534092667,6.006350068347829,True,1602.6236081479954,1.0664062551692872,21.280986260352456,1.2825366636934985,2.8019159435177308
128,False,1582.297448889497,-21.78699980485252,49.78699980485252,3.44570246894882,6.183125656053112,True,1602.2590685121909,1.1544129511842485,21.26857233591635,1.2559063716391559,2.7388787275932382
129,False,1582.0600341837164,-21.908590071290114,49.908590071290114,3.438496245888729,6.261378966062756,True,1601.9144655794742,1.20017313261269,21.257500895574832,1.2499309911360292,2.65941396695512
130,False,1581.7750535986647,-21.998199556730277,49.99819955673028,3.4161082661565985,6.257742511609726,True,1601.597430830695,1.2345477748055451,21.240187021476473,1.234351683180344,2.5316094780320237
131,False,1411.0612810021776,-22.068023186479103,50.0680231864791,3.379087331306989,6.254106542038237,True,1601.3005044933811,1.2656762748176718,21.229832204697853,1.201350916100394,2.3742170717163664
132,False,1411.0357953231614,-22.167555754519256,50.167555754519256,3.4525146761449,6.339318974004705,True,1601.043795659732,1.3041409576267036,21.2063898305774,1.1936758613426015,2.19508406526793
133,False,1410.9845160380248,-22.27312090114929,50.27312090114929,3.434681210342455,6.406377947932334,True,1600.8043958917347,1.333798402008263,21.195217633122635,1.1398628533459108,2.089333702952547
134,False,1410.9096189126317,-22.384682586239876,50.384682586239876,3.5135380476679035,6.464670201204953,True,1600.6196935130074,1.3725270475432758,21.164437188173643,1.1240101094542654,2.061698177264622
135,False,1410.8091107985838,-22.489136482732192,50.48913648273219,3.540017936771661,6.50940847953988,True,1600.4558441319198,1.3993455465989122,21.14599484699478,1.0693675551972692,2.0327504656390953
136,False,1410.6764821543725,-22.56771288470894,50.56771288470894,3.6470795400114784,6.539374580710052,True,1600.319661507803,1.427220841195922,21.13281139706526,1.0306886708837952,1.999126485136948
137,False,1410.5234228548034,-22.60611085531591,50.60611085531591,3.653904642798869,6.561486244893652,True,1600.2101530340913,1.4466649507140836,21.12880747073326,0.967002241136425,1.9581979338183657
138,False,1410.3493478930332,-22.62158966398779,50.62158966398779,3.6988663050790263,6.574445864074932,True,1600.1677907713336,1.4742981567546778,21.089400566301357,0.9321861209757416,1.9107951026354004
139,False,1239.8237123113697,-22.61828856910926,50.61828856910926,3.6875847875906533,6.588434055791974,True,1600.151149733709,1.4921819983969513,21.055493728412046,0.8581619198580565,1.8505374726786465
140,False,1239.9850638910905,-22.59786253405771,50.59786253405771,3.6923299251400876,6.67421610010394,True,1600.1404859659324,1.5046018188746544,21.03175596150595,0.7875007852243601,1.731745881561405
141,False,1240.1199944484433,-22.561986048521696,50.561986048521696,3.672750988795451,6.728335022637956,True,1600.1179029317789,1.5131684920104824,21.02538719314679,0.6959721719377729,1.4206224530504483
142,False,1240.2307867796787,-22.512274002214454,50.512274002214454,3.673592075542137,6.763473141793829,True,1600.1206019452272,1.5288581195018942,20.99657166569319,0.6696371286991285,1.190489460538748
143,False,1240.3149726200995,-22.45009599307032,50.45009599307032,3.6665725749308944,6.791715938886751,True,1600.114987869273,1.5411568585659943,20.98228567733098,0.5438025748582733,0.8970272949248094
144,False,1240.3725571523328,-22.37680202126068,50.37680202126068,3.6577642449448753,6.82321480167559,True,1600.1064958385027,1.5609820428224737,20.972352879124184,0.511906862407748,0.8775576845063633
145,False,1240.402450112458,-22.293394403066046,50.293394403066046,3.6389367754599955,6.820029821055587,True,1600.1045373156915,1.5830138501134634,20.969872877655984,0.3901987868190467,0.7991365010921103
146,False,1240.4048086067953,-22.200991340654284,50.200991340654284,3.6132041390592984,6.816845737067367,True,1600.1239641798181,1.628240314508055,20.941315702270284,0.39775754751737025,0.7520301488117722
147,False,1240.3794213761262,-22.09993816631021,50.09993816631021,3.58826589083633,6.8136625509679405,True,1600.130452500962,1.6569719316152245,20.929118515469426,0.3605270399283823,0.6789299984724606
148,False,1240.326853173554,-21.992555081865504,49.992555081865504,3.564889023597057,6.810480264016314,True,1600.1170653640283,1.695537221399647,20.92913219635523,0.3038517775781495,0.6177505463485706
149,False,1240.2478299888426,-21.88319416217788,49.88319416217788,3.537424076583153,6.807298877473494,True,1600.0981621870646,1.7298086801691355,20.936146839121374,0.3085101309396477,0.5917260676723433
150,False,1240.141594746534,-21.77221854300337,49.77221854300337,3.515090492541706,6.8041183926024855,True,1600.1064616547128,1.760115071799195,20.90700979841339,0.2985750657898721,0.48819243679048063
151,False,1240.0081413912758,-21.660973618052978,49.66097361805298,3.5015512972147844,6.812320160229702,True,1600.1036290584486,1.7715912966252105,20.890865427125092,0.2407458659627989,0.4068961327419107
152,False,1410.794112473903,-21.549600447244458,49.54960044724446,3.500443882685152,6.85517003435153,True,1600.1000115656248,1.7792506067463165,20.876752014212993,0.23629215490482136,0.3951361897571918
153,False,1410.813841463031,-21.438248859284144,49.438248859284144,3.510651932834373,6.668021522452559,True,1600.0906237165493,1.757778555874193,20.871642183460065,0.20540290401251848,0.36664641919260516
154,False,1410.7560715633094,-21.326951767098727,49.32695176709873,3.532080303110839,6.51868042210289,True,1600.0691819698618,1.725029068130052,20.883022241318038,0.18943134935659373,0.38363603464311596
155,False,1410.6157241275596,-21.215512628185664,49.215512628185664,3.530597818437545,6.420442609841961,True,1600.0681409496663,1.7296451518946334,20.879357731261397,0.22761737189274434,0.3717094116193585
156,False,1410.3845999368814,-21.103546539269033,49.10354653926903,3.530128938284299,6.354444428491244,True,1600.0608194184813,1.7451331259327674,20.87940500728405,0.28451779160086776,0.5073240042567542
157,False,1410.061110102218,-20.9903079797999,48.9903079797999,3.5247639239213058,6.257791069971065,True,1600.0355401781635,1.7189224242543943,20.90384131188476,0.268925744596943,0.5284662593601956
158,False,1409.6550060422417,-20.87507542793648,48.87507542793648,3.5284695855739767,6.12464871931421,True,1600.0150998529548,1.7192307001105753,20.931046090294572,0.33134840848606195,0.5059780981207124
159,False,1409.177641884425,-20.757078321189802,48.7570783211898,3.5305737855999095,5.941134414337572,True,1600.0041212406072,1.737781556138863,20.946749427427815,0.40743652565372374,0.6830532342472568
160,False,1408.6404924708922,-20.63574827275403,48.63574827275403,3.531645528192888,5.709126948521443,True,1600.0140807946725,1.7295036137673527,20.949134926137077,0.4221049790027908,0.8919232025268398
161,False,1408.0467263895714,-20.5094998297562,48.5094998297562,3.545389901233395,5.5051941248975,True,1600.0325272901932,1.7193903575943743,20.95202596920598,0.488802402555343,1.0566385323892808
162,False,1407.3958079510162,-20.37701426750573,48.37701426750573,3.586577086703169,5.501362380048861,True,1600.03740845714,1.713252427429861,20.967963818495196,0.5424042672651457,0.9294572887691971
163,False,1406.684106779916,-20.237913117039128,48.23791311703913,3.641533681369353,5.496695318027307,True,1600.0323717525098,1.6981247068408045,21.00338681109446,0.5861971401770225,0.8580609408307435
164,False,1405.912864858213,-20.09271845239698,48.09271845239698,3.6949620846104523,5.4901390742401786,True,1600.0160740166505,1.6643816114594578,21.05521076614562,0.5667652049473983,0.9088927303039687
165,False,1572.0022290803065,-19.941550222648942,47.94155022264894,3.7204253836466648,5.475731788174056,True,1600.0155345436958,1.6452736120843383,21.088069851336396,0.5603711297659457,0.7279711274708559
166,False,1400.8308312660477,-19.773493608932895,47.773493608932895,3.7581841081132996,5.4109390164276805,True,1600.0421917257443,1.6269984476410748,21.105646172317062,0.5067476852830417,0.7701268712865248
167,False,1400.332008073363,-19.587367746885796,47.587367746885796,3.659235558535089,5.34447992901896,True,1600.0834307884718,1.6436571064238308,21.10497106054436,0.4999892010417155,0.8649180551260298
168,False,1229.3090011813808,-19.382514547321897,47.3825145473219,3.5507224871751673,5.245849702632067,True,1600.1328338333456,1.6275828509925212,21.08920254487248,0.495105063620995,0.8148671668362167
169,False,1228.9687222243301,-19.16027582246811,47.16027582246811,3.4629312518691697,5.053817427503938,True,1600.1677393488812,1.5820198070032916,21.092917501842255,0.409331666005581,0.6650802735601292
170,False,1228.5957974043797,-18.92274296388598,46.92274296388598,3.404738537901721,5.031755072929791,True,1600.205227536866,1.5313919240538603,21.09323055662225,0.42010555377311654,0.7674412323204874
171,False,1061.4781760424069,-18.670367239390785,46.670367239390785,3.3640677722488004,5.039842477321512,True,1600.237802030511,1.4911611021843036,21.106098076508644,0.3931889459454312,0.6272249988287719
172,False,1061.421096921945,-18.40452683693492,46.40452683693492,3.3063187613553646,5.300130665089724,True,1600.2894721896882,1.4508673234449532,21.09313975289714,0.36089881035403276,0.6662306391308292
173,False,1061.3429854131366,-18.118312884394115,46.118312884394115,3.30149989988054,5.5180414093219845,True,1600.3430032104714,1.4105728465795515,21.082686500867787,0.3439405895997568,0.6329218204520014
174,False,1061.2431822205374,-17.807170634806724,45.807170634806724,3.3223363515728552,5.634274248175289,True,1600.3862660645732,1.3702776756788921,21.07489109674113,0.310155419585821,0.47422944300898345
175,False,1061.1145934087067,-17.4710914647806,45.4710914647806,3.344562987995338,5.69547197671966,True,1600.4364157487366,1.329981814801922,21.069946918781543,0.28938332967791597,0.49584449229774136
176,False,1060.9542769636994,-17.109366914923676,45.109366914923676,3.3450261089185247,5.713643860292345,True,1600.4706288603554,1.2896852679760933,21.07225813792764,0.3436213971648755,0.549742891651954
177,False,1060.764297167863,-16.72126139392809,44.72126139392809,3.331854324290854,5.706533621696858,True,1600.5034826225906,1.2506619635260066,21.085218597606783,0.2917838360128579,0.4490957585354272
178,False,1060.5460715431552,-16.31116157835237,44.31116157835237,3.3101578810284584,5.667895591587017,True,1600.5308056667782,1.2116379907224228,21.093668721420173,0.33248103845927124,0.6243595496738863
179,False,1060.3011105238886,-15.885115067662959,43.88511506766296,3.2778559053025598,5.606003149478914,True,1600.5724930342408,1.1726133533221947,21.097943088079806,0.3182328855460368,0.5338748949572287
180,False,1060.0299584035163,-15.445612393964943,43.44561239396494,3.2551745357745423,5.542241946484909,True,1600.6022340902,1.1335880550541475,21.105329981545534,0.35295208283519575,0.7067462742477346
181,False,1059.741604108926,-15.014321530391825,43.014321530391825,3.229219138497085,5.493227670822889,True,1600.6396001482678,1.0945620996192993,21.113875246726455,0.3349808021054481,0.5936469582462103
182,False,1059.4570056648024,-14.631126589586536,42.631126589586536,3.1631098731216714,5.459893650492523,True,1600.6708355612973,1.055535490691156,21.119777329298728,0.37823992599717127,0.807171904839859
183,False,1059.1780370662332,-14.299178028343647,42.29917802834365,3.117841328074481,5.443348442304333,True,1600.7108470487156,1.0165082319159673,21.125367406923804,0.36214177156688443,0.7031027940306003
184,False,1058.8969585352374,-14.016009346090577,42.01600934609058,3.1172270194865694,5.440444492815641,True,1600.740802494421,0.9794513704226588,21.132327187799955,0.3604108217930775,0.8074322992569557
185,False,1058.615085490414,-13.782205174697495,41.782205174697495,3.122937473280259,5.439261740936608,True,1600.7787218306291,0.9423939337794138,21.13867014903286,0.34694824436768423,0.621371087595813
186,False,1058.3293935820852,-13.595832388576596,41.595832388576596,3.1466025771280943,5.439196669473365,True,1600.8112138939648,0.9053359250173614,21.142420120318825,0.3576206184316776,0.8033136119040362
187,False,1058.0369511237604,-13.451908379049549,41.45190837904955,3.1806068011309456,5.43975810217699,True,1600.8520835639029,0.8682773471464245,21.146315329612136,0.33037245052761666,0.623573418970137
188,False,1057.736721679321,-13.34940868807579,41.34940868807579,3.2153426404085543,5.4405441230153855,True,1600.882625430713,0.8312182031555118,21.16878179684449,0.36393783110098954,0.7473215733431758
189,False,1057.4299252398434,-13.286315849320523,41.28631584932052,3.252380621897597,5.441333017869581,True,1600.9234482004777,0.7941584960126278,21.205841503987372,0.33312676357105125,0.6050002905976969
190,False,1057.117713647408,-13.26272977535092,41.26272977535092,3.2954832210493743,5.442124785489715,True,1600.9577543589016,0.7592700051014099,21.24072999489859,0.32041376475558647,0.7299471368253924
191,False,1056.8003217768874,-13.279008504113499,41.2790085041135,3.3446730383527625,5.442919424622108,True,1600.999715364701,0.7243809700684523,21.275619029931548,0.2867092448427744,0.49855414551979477
192,False,1056.4771973578472,-13.334649668852919,41.33464966885292,3.39309682695741,5.44327324528445,True,1601.034326683999,0.6894913935862412,21.31050860641376,0.3131009185086915,0.6035485982485888
193,False,1056.1468451993376,-13.428114701359732,41.42811470135973,3.441016597274657,5.432673141587543,True,1601.0779432354293,0.6546012783098085,21.34539872169019,0.2798405139906915,0.4302007375305316
194,False,889.0295864236266,-13.55777421303226,41.55777421303226,3.483795791697074,5.407921604536665,True,1601.1143323619092,0.6197106268769019,21.380289373123098,0.3033741950584992,0.5120675784358675
195,False,888.862295060563,-13.705741868846893,41.70574186884689,3.4718961387653406,5.323314796811693,True,1601.1577143631582,0.5848194419081061,21.415180558091894,0.2965405724459431,0.5350612625986298
196,False,888.6599423329815,-13.87458744623165,41.87458744623165,3.442577210965629,5.090137953807153,True,1601.1940469214244,0.5499277260070166,21.450072273992983,0.29660870915668436,0.4540752732361578
197,False,888.421358868503,-14.050667512473545,42.050667512473545,3.4143433195528217,4.94495647692981,True,1601.236850916862,0.5150354817603784,21.48496451823962,0.2878906783305432,0.4791902627432155
198,False,888.148173746473,-14.222018300417993,42.22201830041799,3.3872542775446917,5.13274108943972,True,1601.2750167481042,0.4801427117381323,21.519857288261868,0.27664540506654356,0.44533513538813974
199,False,887.8381786182487,-14.38684373128119,42.38684373128119,3.3573557184142717,5.419533354864681,True,1601.318444903489,0.44524941849364197,21.554750581506358,0.2711385896135615,0.44849670320220186
200,False,887.4955351723869,-14.545128533639527,42.54512853363953,3.327452578996287,5.720994874001566,True,1601.352573234385,0.4103556045638186,21.58964439543618,0.25436142575017023,0.4516718473299557
201,False,887.127243765106,-14.696942348891625,42.696942348891625,3.3131252422442574,6.006623068570517,True,1601.3939682987984,0.3754612724692379,21.624538727530762,0.26175444810092646,0.4548602834638404
202,False,886.7404844845232,-14.842392450280592,42.84239245028059,3.324404670351464,6.280930607943743,True,1601.4199965321259,0.34056642471425036,21.65943357528575,0.2411197807577672,0.45806173403843214
203,False,886.3412523102228,-14.982009982587009,42.98200998258701,3.327015892096906,6.421632791879215,True,1601.454977727417,0.30567106378714826,21.69432893621285,0.25994062347185426,0.4612759280765961
204,False,885.9324753353098,-15.11642137264996,43.11642137264996,3.305615918589967,6.275383528409791,True,1601.4751135999036,0.27077519216025436,21.729224807839746,0.2470705161052239,0.46450260103759855
205,False,885.5210335208342,-15.246290935878527,43.24629093587853,3.2699612807328635,6.070626609775763,True,1601.504276877815,0.23587881229012808,21.764121187709872,0.2765488422331538,0.4677414946673038
206,False,885.1041058131934,-15.372412640690122,43.37241264069012,3.2456344019677834,5.827623772565032,True,1601.5194096486787,0.20098192661755832,21.79901807338244,0.22997218266138253,0.4709923568505672
207,False,714.257055602219,-15.495341777565464,43.495341777565464,3.2492150885733624,6.153908699678393,True,1601.543683725252,0.1660845375678086,21.83391546243219,0.2577065571531612,0.4742549414659169
208,False,714.25099398825,-15.615390732985851,43.61539073298585,3.2066043166316516,6.156635961873633,True,1601.5509365028122,0.1311866475506669,21.868813352449333,0.24044384847778716,0.47752900824260736
209,False,714.2204998234434,-15.73281356017663,43.73281356017663,3.185783359516224,6.159364655765829,True,1601.564574763895,0.09628825896063375,21.903711741039366,0.27996283347281975,0.4808143226201104
210,False,714.1680469717071,-15.847836665205932,43.84783666520593,3.170894848819163,6.162094779453033,True,1601.561599853375,0.06138937417699353,21.938610625823006,0.2505762980332899,0.48411065561010197
211,False,714.0846325064853,-15.960658487122664,43.960658487122664,3.1487992119344943,6.16482633103567,True,1601.5637236460748,0.026489995563945712,21.973510004436054,0.2556991901661355,0.4874177836609878
212,False,713.9549196204017,-16.071454190113997,44.071454190114,3.0960768349298777,6.1675593086165375,False,1430.8508370928698,-0.008409874529281325,22.00840987452928,0.2576970816007733,0.4907354885250056
213,False,713.7824257924563,-16.180379766813402,44.1803797668134,3.0412457573477547,6.170293710300803,True,1601.5663176539263,0.015603317166988262,21.98439668283301,0.2945344771578646,0.49406355712792854
214,False,713.5839632914644,-16.28757496774641,44.28757496774641,2.999458477046325,6.172419549876239,True,1601.5682034846868,0.039613082093282515,21.960386917906717,0.2774916654640339,0.49740178144138925
215,False,713.3582515211756,-16.393161854040244,44.393161854040244,2.96008942731833,6.1722608293456895,True,1601.5571073079748,0.0636194089976172,21.936380591002383,0.2552583703152964,0.5007499583578343
216,False,713.1025359246975,-16.497235595202966,44.497235595202966,2.93572947585945,6.1698962854307995,True,1601.5262192517457,0.08762228658031646,21.912377713419684,0.25883234372892683,0.5041078895681138
217,False,542.2787583721378,-16.599867502740217,44.59986750274022,2.8971554504610015,6.165721902130375,True,1601.4831754663926,0.11162170349374279,21.888378296506257,0.25833796518445584,0.5074753814417032
218,False,542.3116261692654,-16.701118815438775,44.701118815438775,2.7974796232798926,6.159969113093059,True,1601.4497150112027,0.1356176483421443,21.864382351657856,0.28273898663722563,0.5108522449095496
219,False,713.1209872303546,-16.801064927808767,44.80106492780877,2.720583952947109,6.152690418812907,True,1601.4117791683702,0.15961010968126033,21.84038989031874,0.2662101948841833,0.5142382953495298
220,False,713.2764236144636,-16.89977520136366,44.89977520136366,2.6549358790994004,6.14393739931178,True,1601.3802929082965,0.18359907601818293,21.816400923981817,0.2776359734199957,0.5176333524745035
221,False,713.4289387632721,-16.99728590274851,44.99728590274851,2.642064266629424,6.1337605494816465,True,1601.3480707853669,0.20758453581106195,21.792415464188938,0.280913449825959,0.521037240222939
222,False,713.5764944172531,-17.0936160448989,45.0936160448989,2.649833750212834,6.122209397494697,True,1601.3193727260264,0.23156647746889902,21.7684335225311,0.25803991410964844,0.5244497866520867
223,False,713.7280032022809,-17.188775806285236,45.188775806285236,2.6640115663424,6.106859980213761,True,1601.2896909142255,0.2555448893512491,21.74445511064875,0.28698103865368346,0.5278708238336739
224,False,713.8895918693979,-17.282771036215806,45.282771036215806,2.6945796306513197,6.087643772250166,True,1601.2679470221658,0.27951975976798593,21.720480240232014,0.2876881381044941,0.5313001877520876
225,False,714.0601515240776,-17.375605669432723,45.37560566943272,2.795378762151816,6.064828330321577,True,1601.2407927648974,0.3034910769790322,21.696508923020968,0.3091347399601141,0.5347377182050141
226,False,714.2255269022588,-17.46732438084051,45.46732438084051,2.8962399116610547,6.038818368620223,True,1601.2180732223087,0.32745882919413916,21.67254117080586,0.29738822613461074,0.5381832587064989
227,False,714.3667069583098,-17.558007768053407,45.55800776805341,2.939872754812613,6.010181549336897,True,1601.1978309890837,0.3514230045725668,21.648576995427433,0.31603704613039185,0.5416366563923892
228,False,714.4788654934023,-17.647702476081243,45.64770247608124,2.9423614470647768,5.979065880178426,True,1601.182504054179,0.375383591222878,21.624616408777122,0.29726849713380366,0.545097761928122
229,False,714.5663589942164,-17.736490262405397,45.7364902624054,2.929008959216984,5.945624758854365,True,1601.1696287137286,0.3993405772026506,21.60065942279735,0.3247589522408517,0.5485664294188148
230,False,714.6312934497595,-17.824486867821925,45.824486867821925,2.9203522119307808,5.910017229222151,True,1601.1619014967598,0.42329395051821805,21.576706049481782,0.3166765094696482,0.552042516321621
231,False,714.6745579095189,-17.911810935790527,45.91181093579053,2.927041733768003,5.872408590475792,True,1601.155842564029,0.4472436991244244,21.552756300875576,0.33587748084760455,0.5555258833603045
232,False,714.6957749893133,-17.998570218295107,45.99857021829511,2.930505527713667,5.832970465717579,True,1601.1516085680387,0.4351205938070031,21.564879406192997,0.31675323447729353,0.5590163944419927
233,False,714.6922816455299,-22.42520021232506,46.084856676583804,2.932636553243334,5.790438492472118,True,1601.1503660537364,0.38989360581524934,21.61010639418475,0.34046155461249616,0.562513916576065
234,False,714.6602887574363,-22.486842917170847,46.17074596201428,2.9304827677262466,5.745229372666971,True,1601.154488473354,0.34466649194090593,21.655333508059094,0.3509658913142788,0.5660183197951303
235,False,714.5918492102858,-22.51760580620484,46.25629749997023,2.9173582156850255,5.698250468478227,True,1601.160601656354,0.29943925297103746,21.700560747028963,0.3613737407428693,0.5964535281288927
236,False,714.4832484409983,-22.52447659099535,46.341562139054375,2.9140592840950976,5.655914005901492,True,1601.1682487164617,0.2542118896861645,21.745788110313836,0.35811028089445446,0.6128332573336832
237,False,714.334085249735,-22.513562085127447,46.42658180788418,2.9209844499136493,5.632625482790479,True,1601.1806496763295,0.20898440286032383,21.791015597139676,0.35130772687497924,0.5765715600343246
238,False,881.1131344773951,-22.48559894293004,46.511389514840296,2.9306078169411878,5.699688625528412,True,1601.2031960317208,0.16375679326118586,21.836243206738814,0.39672863225190436,0.6552138658646888
239,False,881.2021901143837,-22.44180041695371,46.60655347726271,2.9180056672781465,5.703137092741586,True,1601.2310009457083,0.11852906165002253,21.881470938349977,0.3749261005606758,0.6371979084164358
240,False,881.2724697286942,-22.382911839857634,46.71086952636338,2.9204184628448653,5.706586324751016,True,1601.2699626623223,0.07330120878185653,21.926698791218143,0.4177924038864095,0.8164559208722549
241,False,881.3265453574097,-22.310127080833944,46.82221864566762,2.943924427004811,5.710036320170744,True,1601.3128360280016,0.02807323540547202,21.971926764594528,0.43497817913644676,0.8055711028629668
242,False,881.3636811052828,-22.2228371474611,46.936019024737114,2.988217079017696,5.713487077617851,False,1430.6701859120428,-0.01715485773645753,22.017154857736458,0.444918457876671,0.9136621437879078
243,False,881.3833172961134,-22.12104472114894,47.04823490421655,3.0511496951552246,5.731894555109881,False,1430.7330461052402,-0.020423428005504007,22.020423428005504,0.39518037580529686,0.8030770905543979
244,False,881.3843844529182,-22.428825551260474,47.15734371537214,3.1288068463429664,5.756053856630458,True,1601.4990016279903,0.010817201899811835,21.989182798100188,0.42986189962749266,0.9244018917720274
245,False,881.3659390687645,-23.032209967219202,47.262426025166064,3.217014432414166,5.779504771541098,True,1601.5791541547621,0.04205331344747876,21.95794668655252,0.4401357130614988,0.8802612418173257
246,False,881.3269035743384,-23.644514930090395,47.36269354411226,3.316242188322227,5.800537482980871,True,1601.649348272071,0.08179204869691858,21.91820795130308,0.45311502118731734,0.8148666480120491
247,False,881.2646324691343,-24.26545103169172,47.45865870657778,3.4185743106185047,5.816811219918915,True,1601.7424087497893,0.12142585393329952,21.8785741460667,0.40074410481680206,0.7962748096267623
248,False,881.1715517555016,-24.895338511469603,47.547847103276965,3.515204672842164,5.835574051924791,True,1601.8635503112728,0.16095415787128076,21.83904584212872,0.3591957968444802,0.783468138432312
249,False,881.0278419412222,-25.534698413754462,47.61981624588001,3.570851736031895,5.859824542340244,True,1601.982492498982,0.20037638660818047,21.79962361339182,0.32084512786912145,0.8051015110509974
250,False,880.8181132560471,-26.18372605492796,48.18372605492796,3.5798702074086712,5.886851491793606,True,1602.107527999086,0.2396919636281325,21.760308036371868,0.3268299174482354,0.8081237761688136
251,False,880.5435374536611,-26.842406430599674,48.842406430599674,3.585447146946408,5.9149137383407755,True,1602.2162188153334,0.2789003098065983,21.7210996901934,0.280633950305991,0.7524960177262484
252,False,880.2080239797237,-27.51058890994085,49.51058890994085,3.5993047120754067,5.942890891798002,True,1602.3220050797474,0.3180008434153301,21.68199915658467,0.27836192235570895,0.681708589468339
253,False,879.8155054197155,-28.187925397249955,50.187925397249955,3.6158279927149675,5.969653209732388,True,1602.4156108789662,0.3569929801276004,21.6430070198724,0.25829979392355606,0.6473297621245342
254,False,879.3691958052312,-28.874078468846747,50.87407846884675,3.636870184431485,5.995272959346238,True,1602.4993742159622,0.39587613302397884,21.60412386697602,0.2731922897684744,0.542061508272993
255,False,712.0051888385069,-29.56867193458598,51.56867193458598,3.64760916155412,6.019464046434749,True,1602.570597980785,0.43464971259846763,21.565350287401532,0.30445583719017505,0.5366614425675942
256,False,711.5099067743387,-30.271310650436455,52.271310650436455,3.5857057966499153,6.042095418901183,True,1602.625168220825,0.4733131267650599,21.52668687323494,0.28428382145248954,0.5144964585677206
257,False,544.5035901918244,-30.981655141045145,52.981655141045145,3.527022885819499,6.063559957853977,True,1602.6530542010826,0.5118657808647704,21.48813421913523,0.28421634920975286,0.6892100277679447
258,False,544.5059292032547,-31.69939523726744,53.69939523726744,3.4841470783605457,6.084027929495817,True,1602.671279412341,0.5503070776730148,21.449692922326985,0.2973328704817596,0.6865102356747824
259,False,544.521574173562,-32.42419984754378,54.42419984754378,3.506408258176625,6.103244234084865,True,1602.6827368909214,0.5886364174075105,21.41136358259249,0.3116138001972948,0.8054641766060254
260,False,544.557061687892,-33.15568767583,55.15568767583,3.5636879838505,6.120884532823275,True,1602.6778173063865,0.6268531977366258,21.39141106694875,0.30545673592356837,0.8299752990248284
261,False,544.6124159486732,-33.893781966330316,55.893781966330316,3.636816919632813,6.13795196323864,True,1602.671265155189,0.6401504141954533,21.400836196504578,0.2927188920212874,0.8283198278515793
262,False,544.6836020833625,-34.638205056968395,56.638205056968395,3.701772895492541,6.152791002285553,True,1602.6478186513255,0.6220402265747254,21.41026151831411,0.3131940433525433,0.8058587244908922
263,False,544.7605177335356,-35.38826605974257,57.38826605974257,3.777800205916876,6.1625474289879545,True,1602.6261885369381,0.6039133633513103,21.419687032123548,0.2952035161826597,0.8073368124274691
264,False,544.8234156766542,-36.14337485525536,58.14337485525536,3.8497179998498208,6.168700881128993,True,1602.583179093729,0.5857974677975442,21.429122556368025,0.31926151761457383,0.7774284686617068
265,False,711.7481395529637,-36.903451419105885,58.903451419105885,3.8589184855129237,6.176687156348246,True,1602.5345095313187,0.5676836508848098,21.438564643827238,0.31599780676582995,0.7822309356478013
266,False,711.7683419456706,-37.66877852635373,59.66877852635373,3.6963092304939567,6.190877243853957,True,1602.4677476763497,0.5495196306698134,21.450480369330187,0.3247797411915212,0.674255163675012
267,False,711.7509853725044,-38.43809092850387,60.43809092850387,3.5568857312254103,6.199808018247051,True,1602.394765152969,0.5310345550979712,21.46896544490203,0.32140388282071086,0.6462197858759282
268,False,711.692849309159,-39.21076611943365,61.21076611943365,3.4416003208825425,6.210057385065229,True,1602.3128152200593,0.5117745731025103,21.48822542689749,0.32801314138613963,0.6081464249480739
269,False,711.6008249736285,-39.98611964572918,61.98611964572918,3.3506485220625946,6.221004661387913,True,1602.2249960952554,0.491850317920985,21.508149682079015,0.3246849030794838,0.634053359225022
270,False,711.4780263207592,-40.76393113774117,62.76393113774117,3.2696699079202567,6.23595458671307,True,1602.134964026168,0.470974772934742,21.529025227065258,0.31164741869082035,0.6660917920172628
271,False,711.3289014841752,-41.544198879234806,63.544198879234806,3.199332756340835,6.256817600612064,True,1602.0430601657115,0.44916011035589776,21.550839889644102,0.2969804019877647,0.66142259414634
272,False,711.1567783272958,-42.32747706319989,64.3274770631999,3.131811929711281,6.283253396811313,True,1601.951981800753,0.4268905570840822,21.573109442915918,0.282217918010332,0.6678618630082664
273,False,710.961212947879,-43.11407958297781,65.11407958297781,3.059728332690365,6.314683887805278,True,1601.8660877786447,0.40460961789879946,21.5953903821012,0.28785042042723397,0.6590634274843603
274,False,710.740614023911,-24.859580277041537,52.85958027704154,3.001443739895983,6.3586749687387805,True,1601.7816012888206,0.38231732800580076,21.6176826719942,0.2936298186269493,0.6210655038241896
275,False,710.4929354969945,-25.252888367743665,53.252888367743665,2.9760832644322806,6.425166283778087,True,1601.693976326271,0.3600137224836928,21.639986277516307,0.31881236507006944,0.6055707808824129
276,False,539.5311742970212,-25.6589972540878,53.6589972540878,3.0102784085527365,6.497123559278719,True,1601.5877440677198,0.3376988362843143,21.662301163715686,0.36716943907975785,0.6973338821696801
277,False,539.5859638464115,-26.07846709866567,54.07846709866567,3.012170278334726,6.5775226873891866,True,1601.4589654451609,0.3174200926280335,21.682579907371966,0.5055730349338424,0.8735348257620037
278,False,539.6165188955392,-26.51157452543267,54.51157452543267,3.0181981568215184,6.672304350600458,True,1601.3130293421195,0.29925421250129247,21.700745787498708,0.5352121648838555,0.971842460988207
279,False,539.6280826614824,-26.9562664468098,54.9562664468098,3.0284797337056446,6.7753164135626704,True,1601.159559112571,0.2820322279109888,21.71796777208901,0.6119993148741218,1.1497746985404675
280,False,539.6270307620932,-27.413979619326796,55.413979619326796,3.0653650367162686,6.909836568066524,True,1601.0446905744861,0.2683643953496748,21.731635604650325,0.5549147573629335,1.1757657680666265
281,False,539.6200135218866,-27.887725719793444,55.887725719793444,3.1279932139655164,7.086638473585893,True,1600.975383682561,0.25900073502042176,21.74099926497958,0.49727258672020336,1.2178385161496343
282,False,539.6052157799048,-28.37960396612887,56.37960396612887,3.1888642362214368,7.260014302061071,True,1600.9700568650169,0.2568538983929791,21.74314610160702,0.41947499030573365,1.171910239216629
283,False,539.5819209277279,-28.889412388263672,56.88941238826367,3.2392731074206735,7.415940388773745,True,1601.0283841108478,0.28531578631799803,21.714684213682002,0.5019736679096285,1.0512647591804694
284,False,539.5510919102178,-29.41752961278226,57.41752961278226,3.2761097946686952,7.549274839511798,True,1601.139192234167,0.34522398494452133,21.65477601505548,0.5593162394157709,0.8057994252976499
285,False,539.5120937103285,-29.96250791755657,57.96250791755657,3.300168914221257,7.653904482770141,True,1601.2836170722392,0.44535245871621143,21.56109824478647,0.6310236713823525,0.9826014583147792
286,False,539.4677084933886,-30.522727585490316,58.522727585490316,3.316013902764816,7.725506604651686,True,1601.439901315604,0.5815876934725956,21.535741600739314,0.73185303395215,1.0875707099732925
287,False,539.4170987445028,-31.089279760269143,59.08927976026914,3.318751382544506,7.711282282679875,True,1601.5984389896328,0.7040341436997117,21.539425694005107,0.7616952675816366,1.2993304167977482
288,False,539.360679220265,-31.656544220826298,59.6565442208263,3.312314554832218,7.637171407897686,True,1601.7434300415716,0.8225722550576826,21.570965995071013,0.7568709379995916,1.5071894703587847
289,False,539.2997079211846,-32.222218475316176,60.222218475316176,3.3023743623605273,7.550654867095455,True,1601.9247502789094,0.9138502433117139,21.56681202737138,0.7403531725457886,1.6305986881287757
290,False,539.2350397136187,-32.783951477737475,60.783951477737475,3.29224922043716,7.44786933251603,True,1602.1262560523066,0.8324554435186293,21.548246442580986,0.8055870406675825,1.627440429543838
291,False,539.1666465652961,-33.34034714872526,61.34034714872526,3.281525198321475,7.330919754437069,True,1602.3146096989226,0.7667620237726709,21.50219656128886,0.7894700943377493,1.5504470115873021
292,False,539.0939983550315,-33.88950202142641,61.88950202142641,3.270003361098779,7.198226414748981,True,1602.4806583976936,0.7123399398295689,21.448601910556516,0.8432253670557672,1.5249787070728453
293,False,539.0169238706014,-34.43018003764148,62.43018003764148,3.2625150560241787,7.055639502102198,True,1602.6109493099866,0.7044146621012892,21.38921240767427,0.8230979770251161,1.2592988303215398
294,False,538.9364701028449,-34.96229488115793,62.96229488115793,3.260914774242958,6.914198549637487,True,1602.730892829384,0.7494577217651219,21.328577520974477,0.7814270177684759,1.2511040042641977
295,False,538.8575701330972,-35.485808549826764,63.485808549826764,3.267748642615059,6.774117879425384,True,1602.8184070865866,0.833872718866612,21.279376352287436,0.7632276725965972,1.2773660186641547
296,False,538.7780174327318,-36.00234779778239,64.00234779778239,3.2857885751151157,6.649028505226317,True,1602.8715313880953,0.9187552027148627,21.250533948321696,0.7331931327185567,1.3077384768873095
297,False,538.6921722350664,-36.51252436541348,64.51252436541348,3.3227202564437253,6.530578595134364,True,1602.889228619693,0.9879253072429179,21.243839056038407,0.7459157483975019,1.344800974136877
298,False,538.5919613403782,-37.015655437652384,65.01565543765238,3.3437169628637458,6.408806276817153,True,1602.8787017529432,1.024234917469304,21.24836062976526,0.714231768401286,1.3837382354390377
299,False,538.4705985352108,-37.5104301236115,65.5104301236115,3.3305856322888943,6.278781111469995,True,1602.8647692224658,1.0686030404578908,21.253718980894362,0.6801218786305236,1.4019051535173792
